{"curChapter":3,"maxChapter":4,"pets":[2,4,1],"masterVolume":0.2533360719680786,"bgmVolume":0.7684045433998108,"sfxVolume":1.0,"hSensitivity":4.0,"vSensitivity":2.5}