{"curChapter":0,"maxChapter":12,"pets":[1],"masterVolume":0.3732464611530304,"bgmVolume":0.13528726994991303,"sfxVolume":0.5189403891563416,"hSensitivity":4.0,"vSensitivity":1.0}