{"curChapter":11,"maxChapter":12,"pets":[2,1],"masterVolume":1.0,"bgmVolume":1.0,"sfxVolume":1.0,"hSensitivity":1.7698553800582886,"vSensitivity":1.6894766092300416}